{"cameraMode":{"drawMode":0,"name":"Shaded","section":"Shading Mode"},"sceneLighting":false,"audioPlay":false,"sceneViewState":{"showFog":true,"showMaterialUpdate":false,"showSkybox":false,"showFlares":true,"showImageEffects":true,"showParticleSystems":true},"in2DMode":false,"pivot":{"x":1.2745070457458497,"y":-0.1429436206817627,"z":-1.0990076065063477},"rotation":{"x":0.02710108272731304,"y":-0.972853422164917,"z":0.15780757367610932,"w":0.1671033352613449},"size":10.101446151733399,"orthographic":false}