{"cameraMode":{"drawMode":0,"name":"Shaded","section":"Shading Mode"},"sceneLighting":true,"audioPlay":false,"sceneViewState":{"showFog":true,"showMaterialUpdate":false,"showSkybox":true,"showFlares":true,"showImageEffects":true,"showParticleSystems":true},"in2DMode":false,"pivot":{"x":72.54229736328125,"y":3.404154062271118,"z":113.19600677490235},"rotation":{"x":0.017496764659881593,"y":0.628477156162262,"z":-0.01414321269840002,"w":0.7775054574012756},"size":1.1209864616394044,"orthographic":false}