{"cameraMode":{"drawMode":0,"name":"Shaded","section":"Shading Mode"},"sceneLighting":true,"audioPlay":false,"sceneViewState":{"showFog":true,"showMaterialUpdate":false,"showSkybox":true,"showFlares":true,"showImageEffects":true,"showParticleSystems":true},"in2DMode":false,"pivot":{"x":74.02397155761719,"y":2.435117721557617,"z":112.80598449707031},"rotation":{"x":0.01486682053655386,"y":0.9830774068832398,"z":-0.1025746688246727,"w":0.15233469009399415},"size":0.47671496868133547,"orthographic":false}