{"cameraMode":{"drawMode":0,"name":"Shaded","section":"Shading Mode"},"sceneLighting":true,"audioPlay":false,"sceneViewState":{"showFog":true,"showMaterialUpdate":false,"showSkybox":true,"showFlares":true,"showImageEffects":true,"showParticleSystems":true},"in2DMode":false,"pivot":{"x":9.237480163574219,"y":4.567607879638672,"z":47.09706115722656},"rotation":{"x":0.011925987899303437,"y":0.8518925309181213,"z":-0.019441550597548486,"w":0.5232383012771606},"size":2.6864116191864015,"orthographic":false}