{"cameraMode":{"drawMode":0,"name":"Shaded","section":"Shading Mode"},"sceneLighting":false,"audioPlay":false,"sceneViewState":{"showFog":true,"showMaterialUpdate":false,"showSkybox":false,"showFlares":true,"showImageEffects":true,"showParticleSystems":true},"in2DMode":false,"pivot":{"x":1.2745070457458497,"y":-0.1429436206817627,"z":-1.0990076065063477},"rotation":{"x":-0.007028740365058184,"y":-0.9794935584068298,"z":0.19835872948169709,"w":-0.034682177007198337},"size":8.725439071655274,"orthographic":false}