{"cameraMode":{"drawMode":0,"name":"Shaded","section":"Shading Mode"},"sceneLighting":true,"audioPlay":false,"sceneViewState":{"showFog":true,"showMaterialUpdate":false,"showSkybox":true,"showFlares":true,"showImageEffects":true,"showParticleSystems":true},"in2DMode":false,"pivot":{"x":72.90269470214844,"y":2.7622389793395998,"z":112.79521179199219},"rotation":{"x":-0.1358165144920349,"y":-0.8044533729553223,"z":0.20611627399921418,"w":-0.5409935116767883},"size":1.2984988689422608,"orthographic":false}