{"cameraMode":{"drawMode":0,"name":"Shaded","section":"Shading Mode"},"sceneLighting":true,"audioPlay":false,"sceneViewState":{"showFog":true,"showMaterialUpdate":false,"showSkybox":true,"showFlares":true,"showImageEffects":true,"showParticleSystems":true},"in2DMode":false,"pivot":{"x":71.77703857421875,"y":2.17342209815979,"z":113.24824523925781},"rotation":{"x":-0.46617716550827029,"y":0.01667887531220913,"z":-0.006329385098069906,"w":-0.8849325776100159},"size":2.8838324546813967,"orthographic":false}