{"cameraMode":{"drawMode":0,"name":"Shaded","section":"Shading Mode"},"sceneLighting":true,"audioPlay":false,"sceneViewState":{"showFog":true,"showMaterialUpdate":false,"showSkybox":true,"showFlares":true,"showImageEffects":true,"showParticleSystems":true},"in2DMode":false,"pivot":{"x":74.08982849121094,"y":2.953434944152832,"z":113.10066223144531},"rotation":{"x":0.06000933051109314,"y":0.6934806108474731,"z":-0.05908779799938202,"w":0.7156238555908203},"size":2.1849586963653566,"orthographic":false}