{"cameraMode":{"drawMode":0,"name":"Shaded","section":"Shading Mode"},"sceneLighting":true,"audioPlay":false,"sceneViewState":{"showFog":true,"showMaterialUpdate":false,"showSkybox":true,"showFlares":true,"showImageEffects":true,"showParticleSystems":true},"in2DMode":false,"pivot":{"x":73.3773422241211,"y":1.9447462558746338,"z":111.76978302001953},"rotation":{"x":0.0006297126528806984,"y":-0.9997506141662598,"z":0.024310491979122163,"w":-0.0036761765368282797},"size":6.395573139190674,"orthographic":false}