{"cameraMode":{"drawMode":0,"name":"Shaded","section":"Shading Mode"},"sceneLighting":false,"audioPlay":false,"sceneViewState":{"showFog":true,"showMaterialUpdate":false,"showSkybox":false,"showFlares":true,"showImageEffects":true,"showParticleSystems":true},"in2DMode":false,"pivot":{"x":0.0,"y":1.9489998817443848,"z":7.15910005569458},"rotation":{"x":0.11418994516134262,"y":0.44468092918395998,"z":0.05862956494092941,"w":-0.8866161704063416},"size":0.42868220806121828,"orthographic":false}