{"cameraMode":{"drawMode":0,"name":"Shaded","section":"Shading Mode"},"sceneLighting":false,"audioPlay":false,"sceneViewState":{"showFog":true,"showMaterialUpdate":false,"showSkybox":false,"showFlares":true,"showImageEffects":true,"showParticleSystems":true},"in2DMode":false,"pivot":{"x":0.7271380424499512,"y":18.153606414794923,"z":-1.7328071594238282},"rotation":{"x":-0.005445150658488274,"y":-0.9928684234619141,"z":-0.07746802270412445,"w":0.09429509937763214},"size":47.479942321777347,"orthographic":false}