{"cameraMode":{"drawMode":0,"name":"Shaded","section":"Shading Mode"},"sceneLighting":true,"audioPlay":false,"sceneViewState":{"showFog":true,"showMaterialUpdate":false,"showSkybox":true,"showFlares":true,"showImageEffects":true,"showParticleSystems":true},"in2DMode":false,"pivot":{"x":72.57304382324219,"y":3.2200000286102297,"z":117.09982299804688},"rotation":{"x":0.025706734508275987,"y":0.8640925884246826,"z":-0.5009196400642395,"w":0.04645923152565956},"size":22.0,"orthographic":false}