{"cameraMode":{"drawMode":0,"name":"Shaded","section":"Shading Mode"},"sceneLighting":true,"audioPlay":false,"sceneViewState":{"showFog":true,"showMaterialUpdate":false,"showSkybox":true,"showFlares":true,"showImageEffects":true,"showParticleSystems":true},"in2DMode":false,"pivot":{"x":301.49072265625,"y":99.72415161132813,"z":20.94024658203125},"rotation":{"x":0.025844711810350419,"y":-0.016084376722574235,"z":-0.001552578411065042,"w":0.9998290538787842},"size":865.6399536132813,"orthographic":false}