{"cameraMode":{"drawMode":0,"name":"Shaded","section":"Shading Mode"},"sceneLighting":true,"audioPlay":false,"sceneViewState":{"showFog":true,"showMaterialUpdate":false,"showSkybox":true,"showFlares":true,"showImageEffects":true,"showParticleSystems":true},"in2DMode":false,"pivot":{"x":72.5081787109375,"y":2.9161102771759035,"z":112.79203796386719},"rotation":{"x":-0.06279391795396805,"y":-0.8433615565299988,"z":0.10584700852632523,"w":-0.5237796306610107},"size":0.6264100074768066,"orthographic":false}