{"cameraMode":{"drawMode":0,"name":"Shaded","section":"Shading Mode"},"sceneLighting":true,"audioPlay":false,"sceneViewState":{"showFog":true,"showMaterialUpdate":false,"showSkybox":true,"showFlares":true,"showImageEffects":true,"showParticleSystems":true},"in2DMode":false,"pivot":{"x":74.07067108154297,"y":3.5414509773254396,"z":113.08796691894531},"rotation":{"x":0.016681190580129625,"y":0.7018719911575317,"z":-0.017706310376524926,"w":0.7121415138244629},"size":1.107569932937622,"orthographic":false}