{"cameraMode":{"drawMode":0,"name":"Shaded","section":"Shading Mode"},"sceneLighting":true,"audioPlay":false,"sceneViewState":{"showFog":true,"showMaterialUpdate":false,"showSkybox":true,"showFlares":true,"showImageEffects":true,"showParticleSystems":true},"in2DMode":false,"pivot":{"x":70.95439147949219,"y":2.9441330432891847,"z":114.40701293945313},"rotation":{"x":-0.10608628392219544,"y":-0.8498139977455139,"z":0.19169825315475465,"w":-0.48001959919929507},"size":8.259143829345704,"orthographic":false}