{"cameraMode":{"drawMode":0,"name":"Shaded","section":"Shading Mode"},"sceneLighting":true,"audioPlay":false,"sceneViewState":{"showFog":true,"showMaterialUpdate":false,"showSkybox":true,"showFlares":true,"showImageEffects":true,"showParticleSystems":true},"in2DMode":false,"pivot":{"x":72.85700225830078,"y":3.759000062942505,"z":113.8219985961914},"rotation":{"x":0.013727164827287197,"y":0.9827946424484253,"z":-0.1625099778175354,"w":0.08738701790571213},"size":0.8573671579360962,"orthographic":false}