{"cameraMode":{"drawMode":0,"name":"Shaded","section":"Shading Mode"},"sceneLighting":true,"audioPlay":false,"sceneViewState":{"showFog":true,"showMaterialUpdate":false,"showSkybox":true,"showFlares":true,"showImageEffects":true,"showParticleSystems":true},"in2DMode":false,"pivot":{"x":67.5088882446289,"y":5.032989025115967,"z":112.77973937988281},"rotation":{"x":-0.20395591855049134,"y":-0.2015146017074585,"z":0.043129123747348788,"w":-0.9570793509483337},"size":3.6103577613830568,"orthographic":false}