{"cameraMode":{"drawMode":0,"name":"Shaded","section":"Shading Mode"},"sceneLighting":true,"audioPlay":false,"sceneViewState":{"showFog":true,"showMaterialUpdate":false,"showSkybox":true,"showFlares":true,"showImageEffects":true,"showParticleSystems":true},"in2DMode":false,"pivot":{"x":71.31198120117188,"y":3.207298994064331,"z":113.48165893554688},"rotation":{"x":0.0018644770607352257,"y":-0.9742172956466675,"z":0.007266560103744268,"w":0.2256769835948944},"size":2.0773870944976808,"orthographic":false}